Datetime,Water Level (m)
2025-04-03 12:00:00,-5.0469216e-06
2025-04-03 13:00:00,-0.0006016673
2025-04-03 14:00:00,-0.0011690926
2025-04-03 15:00:00,-0.001881774
2025-04-03 16:00:00,-0.0031255032
2025-04-03 17:00:00,-0.003265587
2025-04-03 18:00:00,-0.0026535622
2025-04-03 19:00:00,-0.0022550959
2025-04-03 20:00:00,-0.0018575949
2025-04-03 21:00:00,-0.001264809
2025-04-03 22:00:00,-0.0006961077
2025-04-03 23:00:00,-0.00042714088
2025-04-04 00:00:00,-0.00054649834
2025-04-04 01:00:00,-0.00075647625
2025-04-04 02:00:00,-0.00076058443
2025-04-04 03:00:00,-0.0007100933
2025-04-04 04:00:00,-0.0010972554
2025-04-04 05:00:00,-0.0007385159
2025-04-04 06:00:00,-0.00031179783
2025-04-04 07:00:00,4.8933034e-06
2025-04-04 08:00:00,-0.00079647254
2025-04-04 09:00:00,-0.0013102721
2025-04-04 10:00:00,-0.0013160359
2025-04-04 11:00:00,-0.0012630591
2025-04-04 12:00:00,-0.00048208973
2025-04-04 13:00:00,0.00011869525
2025-04-04 14:00:00,-9.001411e-05
2025-04-04 15:00:00,-0.00087954587
2025-04-04 16:00:00,-0.0023994828
2025-04-04 17:00:00,-0.0021019678
2025-04-04 18:00:00,-0.0018574876
2025-04-04 19:00:00,-0.0022248481
2025-04-04 20:00:00,-0.0021726885
2025-04-04 21:00:00,-0.001460701
2025-04-04 22:00:00,-0.00050758437
2025-04-04 23:00:00,2.865033e-05
2025-04-05 00:00:00,3.845709e-06
2025-04-05 01:00:00,-0.0013971014
2025-04-05 02:00:00,-0.0030388378
2025-04-05 03:00:00,-0.0025380095
2025-04-05 04:00:00,-0.001557098
2025-04-05 05:00:00,-0.001848984
2025-04-05 06:00:00,-0.0020872268
2025-04-05 07:00:00,-0.0015419682
2025-04-05 08:00:00,-0.0010216417
2025-04-05 09:00:00,-0.00042159267
2025-04-05 10:00:00,-0.00013790162
2025-04-05 11:00:00,-0.0005998161
2025-04-05 12:00:00,-0.0051155854
2025-04-05 13:00:00,-0.015676778
2025-04-05 14:00:00,-0.013023716
2025-04-05 15:00:00,-0.0096648615
2025-04-05 16:00:00,-0.008666542
2025-04-05 17:00:00,-0.008195779
2025-04-05 18:00:00,-0.006473333
2025-04-05 19:00:00,-0.0029991549
2025-04-05 20:00:00,-0.0016901572
2025-04-05 21:00:00,-0.0022015169
2025-04-05 22:00:00,-0.0019605614
2025-04-05 23:00:00,-0.0018810455
2025-04-06 00:00:00,-0.0021918963
2025-04-06 01:00:00,-0.0037270428
2025-04-06 02:00:00,-0.0055930573
2025-04-06 03:00:00,-0.0058715595
2025-04-06 04:00:00,-0.0056412295
2025-04-06 05:00:00,-0.0056244773
2025-04-06 06:00:00,-0.0051601795
2025-04-06 07:00:00,-0.0038969326
2025-04-06 08:00:00,-0.002676504
2025-04-06 09:00:00,-0.0022172104
2025-04-06 10:00:00,-0.0042509628
2025-04-06 11:00:00,-0.0017956098
2025-04-06 12:00:00,0.00046276592
2025-04-06 13:00:00,-0.0025506383
2025-04-06 14:00:00,-0.0033793566
2025-04-06 15:00:00,-0.003058976
2025-04-06 16:00:00,-0.0040293783
2025-04-06 17:00:00,-0.0043235538
2025-04-06 18:00:00,-0.0035928965
2025-04-06 19:00:00,-0.0041281213
2025-04-06 20:00:00,-0.0036818269
2025-04-06 21:00:00,-0.0012211388
2025-04-06 22:00:00,-0.0014186128
2025-04-06 23:00:00,-0.0020927507
2025-04-07 00:00:00,-0.0028024444
2025-04-07 01:00:00,-0.0038840394
2025-04-07 02:00:00,-0.005166252
2025-04-07 03:00:00,-0.0054675713
2025-04-07 04:00:00,-0.0038572054
2025-04-07 05:00:00,-0.0029033835
2025-04-07 06:00:00,-0.0025675697
2025-04-07 07:00:00,-0.0022588926
2025-04-07 08:00:00,-0.002380993
2025-04-07 09:00:00,-0.0025528185
2025-04-07 10:00:00,-0.0032706535
2025-04-07 11:00:00,-0.0045304904
2025-04-07 12:00:00,-0.0032808806
2025-04-07 13:00:00,-0.005387513
2025-04-07 14:00:00,-0.014763076
2025-04-07 15:00:00,-0.00826215
2025-04-07 16:00:00,-0.006310589
2025-04-07 17:00:00,-0.005092083
2025-04-07 18:00:00,-0.001731848
2025-04-07 19:00:00,-0.0014284373
2025-04-07 20:00:00,-0.001374247
2025-04-07 21:00:00,-0.0015145167
2025-04-07 22:00:00,-0.0015444821
2025-04-07 23:00:00,-0.0014773323
2025-04-08 00:00:00,-0.0015772529
2025-04-08 01:00:00,-0.0020351536
2025-04-08 02:00:00,-0.0026955248
2025-04-08 03:00:00,-0.0024488834
2025-04-08 04:00:00,-0.0017360622
2025-04-08 05:00:00,-0.0016055581
2025-04-08 06:00:00,-0.0019181434
2025-04-08 07:00:00,-0.0016548602
2025-04-08 08:00:00,-0.0012088941
2025-04-08 09:00:00,-0.0011234247
2025-04-08 10:00:00,-0.0016619654
2025-04-08 11:00:00,-0.006860984
2025-04-08 12:00:00,-0.019373916
2025-04-08 13:00:00,-0.028553704
2025-04-08 14:00:00,-0.014579395
2025-04-08 15:00:00,-0.005836732
2025-04-08 16:00:00,-0.00820097
2025-04-08 17:00:00,-0.008440538
2025-04-08 18:00:00,-0.008282212
2025-04-08 19:00:00,-0.007085938
2025-04-08 20:00:00,-0.0049653617
2025-04-08 21:00:00,-0.0032752443
2025-04-08 22:00:00,-0.0018757588
2025-04-08 23:00:00,-0.0020598292
2025-04-09 00:00:00,-0.0012450294
2025-04-09 01:00:00,-0.00096681615
2025-04-09 02:00:00,-0.0017545765
2025-04-09 03:00:00,-0.0016924869
2025-04-09 04:00:00,-0.0013182707
2025-04-09 05:00:00,-0.0010423948
2025-04-09 06:00:00,-0.0010948164
2025-04-09 07:00:00,-0.0013949252
2025-04-09 08:00:00,-0.0020114833
2025-04-09 09:00:00,-0.002650934
2025-04-09 10:00:00,-0.004346938
2025-04-09 11:00:00,-0.009096925
2025-04-09 12:00:00,-0.0120018665
